{
  "dataset": "Buero",
  "forecast_year": 2016,
  "horizon_hours": 6,
  "forecast_every_hours": 6,
  "metrics": {
    "rmse": 0.8585163432465641,
    "nrmse": 65.42527766359485,
    "mape": 33.54409551253305,
    "pearson": 0.4769270521298429,
    "coverage": 66.75369886858138,
    "interval_width_mean": 1.130030836850952
  },
  "model_config": {
    "model_list": "default",
    "ensemble": "simple",
    "max_generations": 5,
    "num_validations": 2,
    "prediction_interval": 0.95
  }
}