{
  "dataset": "building_0",
  "forecast_year": 2016,
  "horizon_hours": 6,
  "forecast_every_hours": 6,
  "metrics": {
    "rmse": 0.171102565308939,
    "nrmse": 104.3456359754267,
    "mape": 79.47098475614612,
    "pearson": 0.03539971536578073,
    "coverage": 84.6823324630113,
    "interval_width_mean": 0.5797018336841421
  },
  "model_config": {
    "model_list": "default",
    "ensemble": "simple",
    "max_generations": 5,
    "num_validations": 2,
    "prediction_interval": 0.95
  }
}