{
  "dataset": "Kultur",
  "forecast_year": 2016,
  "horizon_hours": 6,
  "forecast_every_hours": 6,
  "metrics": {
    "rmse": 0.7489811611797399,
    "nrmse": 47.45149688539493,
    "mape": 34.32477140490817,
    "pearson": 0.5821743136048134,
    "coverage": 58.22454308093995,
    "interval_width_mean": 1.0716662677237898
  },
  "model_config": {
    "model_list": "default",
    "ensemble": "simple",
    "max_generations": 5,
    "num_validations": 2,
    "prediction_interval": 0.95
  }
}